date,home_team,away_team,home_score,away_score,tournament,neutral
2014-06-12,Brazil,Croatia,3,1,FIFA World Cup,False
2014-06-13,Mexico,Cameroon,1,0,FIFA World Cup,True
2014-06-13,Spain,Netherlands,1,5,FIFA World Cup,True
2014-06-13,Chile,Australia,3,1,FIFA World Cup,True
2014-06-14,Colombia,Greece,3,0,FIFA World Cup,True
2014-06-14,Uruguay,Costa Rica,1,3,FIFA World Cup,True
2014-06-14,England,Italy,1,2,FIFA World Cup,True
2014-06-15,Ivory Coast,Japan,2,1,FIFA World Cup,True
2014-06-15,Switzerland,Ecuador,2,1,FIFA World Cup,True
2014-06-15,France,Honduras,3,0,FIFA World Cup,True
2014-06-16,Argentina,Bosnia and Herzegovina,2,1,FIFA World Cup,True
2014-06-16,Iran,Nigeria,0,0,FIFA World Cup,True
2014-06-16,Germany,Portugal,4,0,FIFA World Cup,True
2014-06-16,Ghana,United States,1,2,FIFA World Cup,True
2014-06-17,Belgium,Algeria,2,1,FIFA World Cup,True
2014-06-17,Brazil,Mexico,0,0,FIFA World Cup,False
2014-06-17,Russia,South Korea,1,1,FIFA World Cup,True
2014-06-18,Japan,Greece,0,0,FIFA World Cup,True
2014-06-18,Colombia,Ivory Coast,2,1,FIFA World Cup,True
2014-06-18,Uruguay,England,2,1,FIFA World Cup,True
2014-06-19,Ecuador,Honduras,2,1,FIFA World Cup,True
2014-06-19,France,Switzerland,5,2,FIFA World Cup,True
2014-06-19,Argentina,Iran,1,0,FIFA World Cup,True
2014-06-20,Germany,Ghana,2,2,FIFA World Cup,True
2014-06-20,Nigeria,Bosnia and Herzegovina,1,0,FIFA World Cup,True
2014-06-20,Chile,Spain,2,0,FIFA World Cup,True
2014-06-21,Netherlands,Australia,3,2,FIFA World Cup,True
2014-06-21,Cameroon,Brazil,1,4,FIFA World Cup,False
2014-06-22,Japan,Colombia,1,4,FIFA World Cup,True
2014-06-22,Greece,Ivory Coast,2,1,FIFA World Cup,True
2014-06-22,Uruguay,Italy,1,0,FIFA World Cup,True
2014-06-22,Costa Rica,England,0,0,FIFA World Cup,True
2014-06-23,Switzerland,Honduras,3,0,FIFA World Cup,True
2014-06-23,Ecuador,France,0,0,FIFA World Cup,True
2014-06-23,Argentina,Nigeria,3,2,FIFA World Cup,True
2014-06-23,Bosnia and Herzegovina,Iran,3,3,FIFA World Cup,True
2014-06-24,United States,Germany,0,1,FIFA World Cup,True
2014-06-24,Ghana,Portugal,1,2,FIFA World Cup,True
2014-06-24,Belgium,South Korea,1,0,FIFA World Cup,True
2014-06-24,Algeria,Russia,1,1,FIFA World Cup,True
2014-06-25,Mexico,Croatia,3,1,FIFA World Cup,True
2014-06-25,Cameroon,Croatia,0,4,FIFA World Cup,True
2014-06-25,Spain,Australia,3,0,FIFA World Cup,True
2014-06-25,Netherlands,Chile,2,0,FIFA World Cup,True
2014-06-26,Italy,Uruguay,0,1,FIFA World Cup,True
2014-06-26,Costa Rica,Greece,1,1,FIFA World Cup,True
2014-06-26,Nigeria,Argentina,2,3,FIFA World Cup,True
2014-06-26,Bosnia and Herzegovina,Nigeria,0,1,FIFA World Cup,True
2014-06-28,Brazil,Chile,1,1,FIFA World Cup,False
2014-06-28,Colombia,Uruguay,2,0,FIFA World Cup,True
2014-06-29,Netherlands,Mexico,2,1,FIFA World Cup,True
2014-06-30,Costa Rica,Greece,1,1,FIFA World Cup,True
2014-07-01,France,Nigeria,2,0,FIFA World Cup,True
2014-07-01,Germany,Algeria,2,1,FIFA World Cup,True
2014-07-04,France,Germany,0,1,FIFA World Cup,True
2014-07-04,Brazil,Colombia,2,1,FIFA World Cup,False
2014-07-05,Argentina,Belgium,1,0,FIFA World Cup,True
2014-07-05,Netherlands,Costa Rica,0,0,FIFA World Cup,True
2014-07-08,Brazil,Germany,1,7,FIFA World Cup,False
2014-07-09,Netherlands,Argentina,0,0,FIFA World Cup,True
2014-07-12,Brazil,Netherlands,0,3,FIFA World Cup,False
2014-07-13,Germany,Argentina,1,0,FIFA World Cup,True
2018-06-14,Russia,Saudi Arabia,5,0,FIFA World Cup,False
2018-06-15,Egypt,Uruguay,0,1,FIFA World Cup,True
2018-06-15,Morocco,Iran,0,1,FIFA World Cup,True
2018-06-15,Portugal,Spain,3,3,FIFA World Cup,True
2018-06-16,France,Australia,2,1,FIFA World Cup,True
2018-06-16,Argentina,Iceland,1,1,FIFA World Cup,True
2018-06-16,Peru,Denmark,0,1,FIFA World Cup,True
2018-06-16,Croatia,Nigeria,2,0,FIFA World Cup,True
2018-06-17,Costa Rica,Serbia,0,1,FIFA World Cup,True
2018-06-17,Germany,Mexico,0,1,FIFA World Cup,True
2018-06-17,Brazil,Switzerland,1,1,FIFA World Cup,True
2018-06-18,Sweden,South Korea,1,0,FIFA World Cup,True
2018-06-18,Belgium,Panama,3,0,FIFA World Cup,True
2018-06-18,Tunisia,England,1,2,FIFA World Cup,True
2018-06-19,Colombia,Japan,1,2,FIFA World Cup,True
2018-06-19,Poland,Senegal,1,2,FIFA World Cup,True
2018-06-19,Russia,Egypt,3,0,FIFA World Cup,False
2018-06-20,Portugal,Morocco,1,0,FIFA World Cup,True
2018-06-20,Uruguay,Saudi Arabia,1,0,FIFA World Cup,True
2018-06-20,Iran,Spain,0,1,FIFA World Cup,True
2018-06-21,Denmark,Australia,1,1,FIFA World Cup,True
2018-06-21,France,Peru,1,0,FIFA World Cup,True
2018-06-21,Argentina,Croatia,0,3,FIFA World Cup,True
2018-06-22,Brazil,Costa Rica,2,0,FIFA World Cup,True
2018-06-22,Nigeria,Iceland,2,0,FIFA World Cup,True
2018-06-22,Serbia,Switzerland,1,2,FIFA World Cup,True
2018-06-23,Belgium,Tunisia,5,2,FIFA World Cup,True
2018-06-23,South Korea,Mexico,1,2,FIFA World Cup,True
2018-06-23,Germany,Sweden,2,1,FIFA World Cup,True
2018-06-24,England,Panama,6,1,FIFA World Cup,True
2018-06-24,Japan,Senegal,2,2,FIFA World Cup,True
2018-06-24,Poland,Colombia,0,3,FIFA World Cup,True
2018-06-25,Uruguay,Russia,3,0,FIFA World Cup,True
2018-06-25,Saudi Arabia,Egypt,2,1,FIFA World Cup,True
2018-06-25,Iran,Portugal,1,1,FIFA World Cup,True
2018-06-25,Morocco,Spain,2,2,FIFA World Cup,True
2018-06-26,Mexico,Sweden,0,3,FIFA World Cup,True
2018-06-26,South Korea,Germany,2,0,FIFA World Cup,True
2018-06-26,Switzerland,Costa Rica,2,2,FIFA World Cup,True
2018-06-26,Serbia,Brazil,0,2,FIFA World Cup,True
2018-06-27,England,Belgium,0,1,FIFA World Cup,True
2018-06-27,Panama,Tunisia,1,2,FIFA World Cup,True
2018-06-27,Japan,Poland,0,1,FIFA World Cup,True
2018-06-27,Senegal,Colombia,0,1,FIFA World Cup,True
2018-06-28,Denmark,France,0,0,FIFA World Cup,True
2018-06-28,Australia,Peru,0,2,FIFA World Cup,True
2018-06-28,Nigeria,Argentina,1,2,FIFA World Cup,True
2018-06-28,Iceland,Croatia,1,2,FIFA World Cup,True
2018-06-30,France,Argentina,4,3,FIFA World Cup,True
2018-06-30,Uruguay,Portugal,2,1,FIFA World Cup,True
2018-07-01,Spain,Russia,1,1,FIFA World Cup,True
2018-07-01,Croatia,Denmark,1,1,FIFA World Cup,True
2018-07-02,Brazil,Mexico,2,0,FIFA World Cup,True
2018-07-02,Belgium,Japan,3,2,FIFA World Cup,True
2018-07-03,Sweden,Switzerland,1,0,FIFA World Cup,True
2018-07-03,Colombia,England,1,1,FIFA World Cup,True
2018-07-06,Uruguay,France,0,2,FIFA World Cup,True
2018-07-06,Brazil,Belgium,1,2,FIFA World Cup,True
2018-07-07,Sweden,England,0,2,FIFA World Cup,True
2018-07-07,Russia,Croatia,2,2,FIFA World Cup,True
2018-07-10,France,Belgium,1,0,FIFA World Cup,True
2018-07-11,Croatia,England,2,1,FIFA World Cup,True
2018-07-14,Belgium,England,2,0,FIFA World Cup,True
2018-07-15,France,Croatia,4,2,FIFA World Cup,True
2022-11-20,Qatar,Ecuador,0,2,FIFA World Cup,False
2022-11-21,England,Iran,6,2,FIFA World Cup,True
2022-11-21,Senegal,Netherlands,0,2,FIFA World Cup,True
2022-11-21,United States,Wales,1,1,FIFA World Cup,True
2022-11-22,Argentina,Saudi Arabia,1,2,FIFA World Cup,True
2022-11-22,Denmark,Tunisia,0,0,FIFA World Cup,True
2022-11-22,Mexico,Poland,0,0,FIFA World Cup,True
2022-11-22,France,Australia,4,1,FIFA World Cup,True
2022-11-23,Morocco,Croatia,0,0,FIFA World Cup,True
2022-11-23,Germany,Japan,1,2,FIFA World Cup,True
2022-11-23,Spain,Costa Rica,7,0,FIFA World Cup,True
2022-11-23,Belgium,Canada,1,0,FIFA World Cup,True
2022-11-24,Switzerland,Cameroon,1,0,FIFA World Cup,True
2022-11-24,Uruguay,South Korea,0,0,FIFA World Cup,True
2022-11-24,Portugal,Ghana,3,2,FIFA World Cup,True
2022-11-24,Brazil,Serbia,2,0,FIFA World Cup,True
2022-11-25,Wales,Iran,0,2,FIFA World Cup,True
2022-11-25,Qatar,Senegal,1,3,FIFA World Cup,False
2022-11-25,Netherlands,Ecuador,1,1,FIFA World Cup,True
2022-11-25,England,United States,0,0,FIFA World Cup,True
2022-11-26,Tunisia,Australia,0,1,FIFA World Cup,True
2022-11-26,Poland,Saudi Arabia,2,0,FIFA World Cup,True
2022-11-26,France,Denmark,2,1,FIFA World Cup,True
2022-11-26,Argentina,Mexico,2,0,FIFA World Cup,True
2022-11-27,Japan,Costa Rica,0,1,FIFA World Cup,True
2022-11-27,Belgium,Morocco,0,2,FIFA World Cup,True
2022-11-27,Croatia,Canada,4,1,FIFA World Cup,True
2022-11-27,Spain,Germany,1,1,FIFA World Cup,True
2022-11-28,Cameroon,Serbia,3,3,FIFA World Cup,True
2022-11-28,South Korea,Ghana,2,3,FIFA World Cup,True
2022-11-28,Brazil,Switzerland,1,0,FIFA World Cup,True
2022-11-28,Portugal,Uruguay,2,0,FIFA World Cup,True
2022-11-29,Netherlands,Qatar,2,0,FIFA World Cup,True
2022-11-29,Ecuador,Senegal,1,2,FIFA World Cup,True
2022-11-29,Wales,England,0,3,FIFA World Cup,True
2022-11-29,Iran,United States,0,1,FIFA World Cup,True
2022-11-30,Tunisia,France,1,0,FIFA World Cup,True
2022-11-30,Australia,Denmark,1,0,FIFA World Cup,True
2022-11-30,Poland,Argentina,0,2,FIFA World Cup,True
2022-11-30,Saudi Arabia,Mexico,1,2,FIFA World Cup,True
2022-12-01,Croatia,Belgium,0,0,FIFA World Cup,True
2022-12-01,Canada,Morocco,1,2,FIFA World Cup,True
2022-12-01,Japan,Spain,2,1,FIFA World Cup,True
2022-12-01,Costa Rica,Germany,2,4,FIFA World Cup,True
2022-12-01,Ghana,Uruguay,0,2,FIFA World Cup,True
2022-12-01,South Korea,Portugal,2,1,FIFA World Cup,True
2022-12-01,Serbia,Switzerland,2,3,FIFA World Cup,True
2022-12-01,Cameroon,Brazil,1,0,FIFA World Cup,True
2022-12-03,Netherlands,United States,3,1,FIFA World Cup,True
2022-12-03,Argentina,Australia,2,1,FIFA World Cup,True
2022-12-04,France,Poland,3,1,FIFA World Cup,True
2022-12-04,England,Senegal,3,0,FIFA World Cup,True
2022-12-05,Japan,Croatia,1,1,FIFA World Cup,True
2022-12-05,Brazil,South Korea,4,1,FIFA World Cup,True
2022-12-06,Morocco,Spain,0,0,FIFA World Cup,True
2022-12-06,Portugal,Switzerland,6,1,FIFA World Cup,True
2022-12-09,Netherlands,Argentina,2,2,FIFA World Cup,True
2022-12-09,Croatia,Brazil,1,1,FIFA World Cup,True
2022-12-10,Morocco,Portugal,1,0,FIFA World Cup,True
2022-12-10,England,France,1,2,FIFA World Cup,True
2022-12-13,Argentina,Croatia,3,0,FIFA World Cup,True
2022-12-14,France,Morocco,2,0,FIFA World Cup,True
2022-12-17,Croatia,Morocco,2,1,FIFA World Cup,True
2022-12-18,Argentina,France,3,3,FIFA World Cup,True
